ensembl_gene_id,regulator_class,deriving_source,membership_basis
ENSG00000115977,kinase,pkinfam,reconstructed:pkinfam
ENSG00000181409,kinase,pkinfam,reconstructed:pkinfam
ENSG00000097007,kinase,pkinfam,reconstructed:pkinfam
ENSG00000143322,kinase,pkinfam,reconstructed:pkinfam
ENSG00000115170,kinase,pkinfam,reconstructed:pkinfam
ENSG00000135503,kinase,pkinfam,reconstructed:pkinfam
ENSG00000123612,kinase,pkinfam,reconstructed:pkinfam
ENSG00000121989,kinase,pkinfam,reconstructed:pkinfam
ENSG00000114739,kinase,pkinfam,reconstructed:pkinfam
ENSG00000139567,kinase,pkinfam,reconstructed:pkinfam
ENSG00000142208,kinase,pkinfam,reconstructed:pkinfam
ENSG00000105221,kinase,pkinfam,reconstructed:pkinfam
ENSG00000117020,kinase,pkinfam,reconstructed:pkinfam
ENSG00000171094,kinase,pkinfam,reconstructed:pkinfam
ENSG00000073331,kinase,pkinfam,reconstructed:pkinfam
ENSG00000198796,kinase,pkinfam,reconstructed:pkinfam
ENSG00000136383,kinase,pkinfam,reconstructed:pkinfam
ENSG00000135409,kinase,pkinfam,reconstructed:pkinfam
ENSG00000170209,kinase,pkinfam,reconstructed:pkinfam
ENSG00000078061,kinase,pkinfam,reconstructed:pkinfam
ENSG00000149311,kinase,pkinfam,reconstructed:pkinfam
ENSG00000175054,kinase,pkinfam,reconstructed:pkinfam
ENSG00000087586,kinase,pkinfam,reconstructed:pkinfam
ENSG00000178999,kinase,pkinfam,reconstructed:pkinfam
ENSG00000105146,kinase,pkinfam,reconstructed:pkinfam
ENSG00000167601,kinase,pkinfam,reconstructed:pkinfam
ENSG00000009954,kinase,KinHub,crosscheck:KinHub
ENSG00000103507,kinase,pkinfam,reconstructed:pkinfam
ENSG00000186716,kinase,kinase.com,reconstructed:kinase.com
ENSG00000106605,kinase,KinHub,crosscheck:KinHub
ENSG00000138756,kinase,pkinfam,reconstructed:pkinfam
ENSG00000107779,kinase,pkinfam,reconstructed:pkinfam
ENSG00000138696,kinase,pkinfam,reconstructed:pkinfam
ENSG00000204217,kinase,pkinfam,reconstructed:pkinfam
ENSG00000102010,kinase,pkinfam,reconstructed:pkinfam
ENSG00000157764,kinase,pkinfam,reconstructed:pkinfam
ENSG00000169925,kinase,kinase.com,reconstructed:kinase.com
ENSG00000141867,kinase,kinase.com,reconstructed:kinase.com
ENSG00000137948,kinase,kinase.com,reconstructed:kinase.com
ENSG00000160469,kinase,pkinfam,reconstructed:pkinfam
ENSG00000010671,kinase,pkinfam,reconstructed:pkinfam
ENSG00000169679,kinase,pkinfam,reconstructed:pkinfam
ENSG00000156970,kinase,pkinfam,reconstructed:pkinfam
ENSG00000134072,kinase,pkinfam,reconstructed:pkinfam
ENSG00000183049,kinase,pkinfam,reconstructed:pkinfam
ENSG00000008118,kinase,pkinfam,reconstructed:pkinfam
ENSG00000070808,kinase,pkinfam,reconstructed:pkinfam
ENSG00000058404,kinase,pkinfam,reconstructed:pkinfam
ENSG00000145349,kinase,pkinfam,reconstructed:pkinfam
ENSG00000148660,kinase,pkinfam,reconstructed:pkinfam
ENSG00000152495,kinase,pkinfam,reconstructed:pkinfam
ENSG00000004660,kinase,pkinfam,reconstructed:pkinfam
ENSG00000110931,kinase,pkinfam,reconstructed:pkinfam
ENSG00000164076,kinase,pkinfam,reconstructed:pkinfam
ENSG00000147044,kinase,pkinfam,reconstructed:pkinfam
ENSG00000143776,kinase,pkinfam,reconstructed:pkinfam
ENSG00000198752,kinase,pkinfam,reconstructed:pkinfam
ENSG00000171219,kinase,pkinfam,reconstructed:pkinfam
ENSG00000097046,kinase,pkinfam,reconstructed:pkinfam
ENSG00000170312,kinase,pkinfam,reconstructed:pkinfam
ENSG00000185324,kinase,pkinfam,reconstructed:pkinfam
ENSG00000008128,kinase,pkinfam,reconstructed:pkinfam
ENSG00000248333,kinase,pkinfam,reconstructed:pkinfam
ENSG00000167258,kinase,pkinfam,reconstructed:pkinfam
ENSG00000065883,kinase,pkinfam,reconstructed:pkinfam
ENSG00000058091,kinase,pkinfam,reconstructed:pkinfam
ENSG00000138395,kinase,pkinfam,reconstructed:pkinfam
ENSG00000102225,kinase,pkinfam,reconstructed:pkinfam
ENSG00000059758,kinase,pkinfam,reconstructed:pkinfam
ENSG00000117266,kinase,pkinfam,reconstructed:pkinfam
ENSG00000155111,kinase,pkinfam,reconstructed:pkinfam
ENSG00000123374,kinase,pkinfam,reconstructed:pkinfam
ENSG00000156345,kinase,pkinfam,reconstructed:pkinfam
ENSG00000250506,kinase,pkinfam,reconstructed:pkinfam
ENSG00000135446,kinase,pkinfam,reconstructed:pkinfam
ENSG00000164885,kinase,pkinfam,reconstructed:pkinfam
ENSG00000105810,kinase,pkinfam,reconstructed:pkinfam
ENSG00000132964,kinase,pkinfam,reconstructed:pkinfam
ENSG00000136807,kinase,pkinfam,reconstructed:pkinfam
ENSG00000100490,kinase,pkinfam,reconstructed:pkinfam
ENSG00000138769,kinase,pkinfam,reconstructed:pkinfam
ENSG00000006837,kinase,pkinfam,reconstructed:pkinfam
ENSG00000205111,kinase,pkinfam,reconstructed:pkinfam
ENSG00000008086,kinase,pkinfam,reconstructed:pkinfam
ENSG00000149554,kinase,pkinfam,reconstructed:pkinfam
ENSG00000183765,kinase,pkinfam,reconstructed:pkinfam
ENSG00000213341,kinase,pkinfam,reconstructed:pkinfam
ENSG00000112144,kinase,pkinfam,reconstructed:pkinfam
ENSG00000122966,kinase,pkinfam,reconstructed:pkinfam
ENSG00000013441,kinase,pkinfam,reconstructed:pkinfam
ENSG00000179335,kinase,pkinfam,reconstructed:pkinfam
ENSG00000113240,kinase,pkinfam,reconstructed:pkinfam
ENSG00000163050,kinase,pkinfam,reconstructed:pkinfam
ENSG00000123815,kinase,pkinfam,reconstructed:pkinfam
ENSG00000182578,kinase,pkinfam,reconstructed:pkinfam
ENSG00000103653,kinase,pkinfam,reconstructed:pkinfam
ENSG00000113712,kinase,pkinfam,reconstructed:pkinfam
ENSG00000180138,kinase,pkinfam,reconstructed:pkinfam
ENSG00000141551,kinase,pkinfam,reconstructed:pkinfam
ENSG00000213923,kinase,pkinfam,reconstructed:pkinfam
ENSG00000169118,kinase,pkinfam,reconstructed:pkinfam
ENSG00000133275,kinase,pkinfam,reconstructed:pkinfam
ENSG00000151292,kinase,pkinfam,reconstructed:pkinfam
ENSG00000101266,kinase,pkinfam,reconstructed:pkinfam
ENSG00000070770,kinase,pkinfam,reconstructed:pkinfam
ENSG00000254598,kinase,pkinfam,reconstructed:pkinfam
ENSG00000196730,kinase,pkinfam,reconstructed:pkinfam
ENSG00000035664,kinase,pkinfam,reconstructed:pkinfam
ENSG00000167657,kinase,pkinfam,reconstructed:pkinfam
ENSG00000133083,kinase,pkinfam,reconstructed:pkinfam
ENSG00000170390,kinase,pkinfam,reconstructed:pkinfam
ENSG00000163673,kinase,pkinfam,reconstructed:pkinfam
ENSG00000204580,kinase,pkinfam,reconstructed:pkinfam
ENSG00000162733,kinase,pkinfam,reconstructed:pkinfam
ENSG00000104936,kinase,pkinfam,reconstructed:pkinfam
ENSG00000133059,kinase,pkinfam,reconstructed:pkinfam
ENSG00000157540,kinase,pkinfam,reconstructed:pkinfam
ENSG00000105204,kinase,pkinfam,reconstructed:pkinfam
ENSG00000127334,kinase,pkinfam,reconstructed:pkinfam
ENSG00000143479,kinase,pkinfam,reconstructed:pkinfam
ENSG00000010219,kinase,pkinfam,reconstructed:pkinfam
ENSG00000103319,kinase,pkinfam,reconstructed:pkinfam
ENSG00000146648,kinase,pkinfam,reconstructed:pkinfam
ENSG00000086232,kinase,pkinfam,reconstructed:pkinfam
ENSG00000055332,kinase,pkinfam,reconstructed:pkinfam
ENSG00000172071,kinase,pkinfam,reconstructed:pkinfam
ENSG00000128829,kinase,pkinfam,reconstructed:pkinfam
ENSG00000146904,kinase,pkinfam,reconstructed:pkinfam
ENSG00000183317,kinase,pkinfam,reconstructed:pkinfam
ENSG00000142627,kinase,pkinfam,reconstructed:pkinfam
ENSG00000044524,kinase,pkinfam,reconstructed:pkinfam
ENSG00000116106,kinase,pkinfam,reconstructed:pkinfam
ENSG00000145242,kinase,pkinfam,reconstructed:pkinfam
ENSG00000080224,kinase,pkinfam,reconstructed:pkinfam
ENSG00000135333,kinase,pkinfam,reconstructed:pkinfam
ENSG00000070886,kinase,pkinfam,reconstructed:pkinfam
ENSG00000154928,kinase,pkinfam,reconstructed:pkinfam
ENSG00000133216,kinase,pkinfam,reconstructed:pkinfam
ENSG00000182580,kinase,pkinfam,reconstructed:pkinfam
ENSG00000196411,kinase,pkinfam,reconstructed:pkinfam
ENSG00000141736,kinase,pkinfam,reconstructed:pkinfam
ENSG00000065361,kinase,pkinfam,reconstructed:pkinfam
ENSG00000178568,kinase,pkinfam,reconstructed:pkinfam
ENSG00000178607,kinase,pkinfam,reconstructed:pkinfam
ENSG00000134398,kinase,pkinfam,reconstructed:pkinfam
ENSG00000164896,kinase,pkinfam,reconstructed:pkinfam
ENSG00000151422,kinase,pkinfam,reconstructed:pkinfam
ENSG00000182511,kinase,pkinfam,reconstructed:pkinfam
ENSG00000077782,kinase,pkinfam,reconstructed:pkinfam
ENSG00000066468,kinase,pkinfam,reconstructed:pkinfam
ENSG00000068078,kinase,pkinfam,reconstructed:pkinfam
ENSG00000160867,kinase,pkinfam,reconstructed:pkinfam
ENSG00000000938,kinase,pkinfam,reconstructed:pkinfam
ENSG00000102755,kinase,pkinfam,reconstructed:pkinfam
ENSG00000122025,kinase,pkinfam,reconstructed:pkinfam
ENSG00000037280,kinase,pkinfam,reconstructed:pkinfam
ENSG00000111816,kinase,pkinfam,reconstructed:pkinfam
ENSG00000010810,kinase,pkinfam,reconstructed:pkinfam
ENSG00000178950,kinase,pkinfam,reconstructed:pkinfam
ENSG00000185974,kinase,pkinfam,reconstructed:pkinfam
ENSG00000173020,kinase,pkinfam,reconstructed:pkinfam
ENSG00000100077,kinase,pkinfam,reconstructed:pkinfam
ENSG00000125388,kinase,pkinfam,reconstructed:pkinfam
ENSG00000198873,kinase,pkinfam,reconstructed:pkinfam
ENSG00000198055,kinase,pkinfam,reconstructed:pkinfam
ENSG00000114124,kinase,pkinfam,reconstructed:pkinfam
ENSG00000105723,kinase,pkinfam,reconstructed:pkinfam
ENSG00000082701,kinase,pkinfam,reconstructed:pkinfam
ENSG00000070019,kinase,pkinfam,reconstructed:pkinfam
ENSG00000132518,kinase,pkinfam,reconstructed:pkinfam
ENSG00000101890,kinase,pkinfam,reconstructed:pkinfam
ENSG00000177602,kinase,pkinfam,reconstructed:pkinfam
ENSG00000101336,kinase,pkinfam,reconstructed:pkinfam
ENSG00000163349,kinase,pkinfam,reconstructed:pkinfam
ENSG00000064393,kinase,pkinfam,reconstructed:pkinfam
ENSG00000110422,kinase,pkinfam,reconstructed:pkinfam
ENSG00000160396,kinase,pkinfam,reconstructed:pkinfam
ENSG00000142149,kinase,pkinfam,reconstructed:pkinfam
ENSG00000140443,kinase,pkinfam,reconstructed:pkinfam
ENSG00000104365,kinase,pkinfam,reconstructed:pkinfam
ENSG00000263528,kinase,pkinfam,reconstructed:pkinfam
ENSG00000166333,kinase,pkinfam,reconstructed:pkinfam
ENSG00000171105,kinase,pkinfam,reconstructed:pkinfam
ENSG00000027644,kinase,pkinfam,reconstructed:pkinfam
ENSG00000184216,kinase,pkinfam,reconstructed:pkinfam
ENSG00000134070,kinase,pkinfam,reconstructed:pkinfam
ENSG00000090376,kinase,pkinfam,reconstructed:pkinfam
ENSG00000198001,kinase,pkinfam,reconstructed:pkinfam
ENSG00000113263,kinase,pkinfam,reconstructed:pkinfam
ENSG00000162434,kinase,pkinfam,reconstructed:pkinfam
ENSG00000096968,kinase,pkinfam,reconstructed:pkinfam
ENSG00000105639,kinase,pkinfam,reconstructed:pkinfam
ENSG00000160145,kinase,pkinfam,reconstructed:pkinfam
ENSG00000128052,kinase,pkinfam,reconstructed:pkinfam
ENSG00000157404,kinase,pkinfam,reconstructed:pkinfam
ENSG00000141068,kinase,pkinfam,reconstructed:pkinfam
ENSG00000171435,kinase,pkinfam,reconstructed:pkinfam
ENSG00000131023,kinase,pkinfam,reconstructed:pkinfam
ENSG00000150457,kinase,pkinfam,reconstructed:pkinfam
ENSG00000182866,kinase,pkinfam,reconstructed:pkinfam
ENSG00000106683,kinase,pkinfam,reconstructed:pkinfam
ENSG00000182541,kinase,pkinfam,reconstructed:pkinfam
ENSG00000164715,kinase,pkinfam,reconstructed:pkinfam
ENSG00000142235,kinase,pkinfam,reconstructed:pkinfam
ENSG00000154237,kinase,pkinfam,reconstructed:pkinfam
ENSG00000188906,kinase,pkinfam,reconstructed:pkinfam
ENSG00000062524,kinase,pkinfam,reconstructed:pkinfam
ENSG00000254087,kinase,pkinfam,reconstructed:pkinfam
ENSG00000111837,kinase,pkinfam,reconstructed:pkinfam
ENSG00000169032,kinase,pkinfam,reconstructed:pkinfam
ENSG00000126934,kinase,pkinfam,reconstructed:pkinfam
ENSG00000034152,kinase,pkinfam,reconstructed:pkinfam
ENSG00000065559,kinase,pkinfam,reconstructed:pkinfam
ENSG00000137764,kinase,pkinfam,reconstructed:pkinfam
ENSG00000108984,kinase,pkinfam,reconstructed:pkinfam
ENSG00000076984,kinase,pkinfam,reconstructed:pkinfam
ENSG00000095015,kinase,pkinfam,reconstructed:pkinfam
ENSG00000130758,kinase,pkinfam,reconstructed:pkinfam
ENSG00000173327,kinase,pkinfam,reconstructed:pkinfam
ENSG00000139625,kinase,pkinfam,reconstructed:pkinfam
ENSG00000073803,kinase,pkinfam,reconstructed:pkinfam
ENSG00000006062,kinase,pkinfam,reconstructed:pkinfam
ENSG00000180815,kinase,pkinfam,reconstructed:pkinfam
ENSG00000176601,kinase,pkinfam,reconstructed:pkinfam
ENSG00000169967,kinase,pkinfam,reconstructed:pkinfam
ENSG00000091436,kinase,pkinfam,reconstructed:pkinfam
ENSG00000143674,kinase,pkinfam,reconstructed:pkinfam
ENSG00000198909,kinase,pkinfam,reconstructed:pkinfam
ENSG00000085511,kinase,pkinfam,reconstructed:pkinfam
ENSG00000197442,kinase,pkinfam,reconstructed:pkinfam
ENSG00000142733,kinase,pkinfam,reconstructed:pkinfam
ENSG00000135341,kinase,pkinfam,reconstructed:pkinfam
ENSG00000107968,kinase,pkinfam,reconstructed:pkinfam
ENSG00000006432,kinase,pkinfam,reconstructed:pkinfam
ENSG00000104814,kinase,pkinfam,reconstructed:pkinfam
ENSG00000168067,kinase,pkinfam,reconstructed:pkinfam
ENSG00000011566,kinase,pkinfam,reconstructed:pkinfam
ENSG00000071054,kinase,pkinfam,reconstructed:pkinfam
ENSG00000012983,kinase,pkinfam,reconstructed:pkinfam
ENSG00000100030,kinase,pkinfam,reconstructed:pkinfam
ENSG00000109339,kinase,pkinfam,reconstructed:pkinfam
ENSG00000185386,kinase,pkinfam,reconstructed:pkinfam
ENSG00000188130,kinase,pkinfam,reconstructed:pkinfam
ENSG00000156711,kinase,pkinfam,reconstructed:pkinfam
ENSG00000112062,kinase,pkinfam,reconstructed:pkinfam
ENSG00000102882,kinase,pkinfam,reconstructed:pkinfam
ENSG00000141639,kinase,pkinfam,reconstructed:pkinfam
ENSG00000069956,kinase,pkinfam,reconstructed:pkinfam
ENSG00000166484,kinase,pkinfam,reconstructed:pkinfam
ENSG00000107643,kinase,pkinfam,reconstructed:pkinfam
ENSG00000050748,kinase,pkinfam,reconstructed:pkinfam
ENSG00000162889,kinase,pkinfam,reconstructed:pkinfam
ENSG00000114738,kinase,pkinfam,reconstructed:pkinfam
ENSG00000089022,kinase,pkinfam,reconstructed:pkinfam
ENSG00000116141,kinase,pkinfam,reconstructed:pkinfam
ENSG00000072518,kinase,pkinfam,reconstructed:pkinfam
ENSG00000075413,kinase,pkinfam,reconstructed:pkinfam
ENSG00000007047,kinase,pkinfam,reconstructed:pkinfam
ENSG00000105613,kinase,pkinfam,reconstructed:pkinfam
ENSG00000086015,kinase,pkinfam,reconstructed:pkinfam
ENSG00000099308,kinase,pkinfam,reconstructed:pkinfam
ENSG00000069020,kinase,pkinfam,reconstructed:pkinfam
ENSG00000120539,kinase,pkinfam,reconstructed:pkinfam
ENSG00000007264,kinase,pkinfam,reconstructed:pkinfam
ENSG00000165304,kinase,pkinfam,reconstructed:pkinfam
ENSG00000153208,kinase,pkinfam,reconstructed:pkinfam
ENSG00000105976,kinase,pkinfam,reconstructed:pkinfam
ENSG00000141503,kinase,pkinfam,reconstructed:pkinfam
ENSG00000079277,kinase,pkinfam,reconstructed:pkinfam
ENSG00000099875,kinase,pkinfam,reconstructed:pkinfam
ENSG00000080823,kinase,pkinfam,reconstructed:pkinfam
ENSG00000172680,kinase,pkinfam,reconstructed:pkinfam
ENSG00000164078,kinase,pkinfam,reconstructed:pkinfam
ENSG00000198793,kinase,pkinfam,reconstructed:pkinfam
ENSG00000030304,kinase,pkinfam,reconstructed:pkinfam
ENSG00000065534,kinase,pkinfam,reconstructed:pkinfam
ENSG00000101306,kinase,pkinfam,reconstructed:pkinfam
ENSG00000140795,kinase,pkinfam,reconstructed:pkinfam
ENSG00000145949,kinase,pkinfam,reconstructed:pkinfam
ENSG00000095777,kinase,pkinfam,reconstructed:pkinfam
ENSG00000071909,kinase,pkinfam,reconstructed:pkinfam
ENSG00000137601,kinase,pkinfam,reconstructed:pkinfam
ENSG00000163491,kinase,pkinfam,reconstructed:pkinfam
ENSG00000114670,kinase,pkinfam,reconstructed:pkinfam
ENSG00000117650,kinase,pkinfam,reconstructed:pkinfam
ENSG00000136098,kinase,pkinfam,reconstructed:pkinfam
ENSG00000114904,kinase,pkinfam,reconstructed:pkinfam
ENSG00000197168,kinase,pkinfam,reconstructed:pkinfam
ENSG00000119408,kinase,pkinfam,reconstructed:pkinfam
ENSG00000151414,kinase,pkinfam,reconstructed:pkinfam
ENSG00000160602,kinase,pkinfam,reconstructed:pkinfam
ENSG00000119638,kinase,pkinfam,reconstructed:pkinfam
ENSG00000177453,kinase,pkinfam,reconstructed:pkinfam
ENSG00000087095,kinase,pkinfam,reconstructed:pkinfam
ENSG00000169418,kinase,pkinfam,reconstructed:pkinfam
ENSG00000159899,kinase,pkinfam,reconstructed:pkinfam
ENSG00000115216,kinase,pkinfam,reconstructed:pkinfam
ENSG00000185189,kinase,pkinfam,reconstructed:pkinfam
ENSG00000123572,kinase,pkinfam,reconstructed:pkinfam
ENSG00000198400,kinase,pkinfam,reconstructed:pkinfam
ENSG00000148053,kinase,pkinfam,reconstructed:pkinfam
ENSG00000140538,kinase,pkinfam,reconstructed:pkinfam
ENSG00000074590,kinase,pkinfam,reconstructed:pkinfam
ENSG00000163545,kinase,pkinfam,reconstructed:pkinfam
ENSG00000154358,kinase,pkinfam,reconstructed:pkinfam
ENSG00000172939,kinase,pkinfam,reconstructed:pkinfam
ENSG00000149269,kinase,pkinfam,reconstructed:pkinfam
ENSG00000180370,kinase,pkinfam,reconstructed:pkinfam
ENSG00000077264,kinase,pkinfam,reconstructed:pkinfam
ENSG00000130669,kinase,pkinfam,reconstructed:pkinfam
ENSG00000101349,kinase,pkinfam,reconstructed:pkinfam
ENSG00000137843,kinase,pkinfam,reconstructed:pkinfam
ENSG00000152520,kinase,pkinfam,reconstructed:pkinfam
ENSG00000115687,kinase,pkinfam,reconstructed:pkinfam
ENSG00000168078,kinase,pkinfam,reconstructed:pkinfam
ENSG00000134853,kinase,pkinfam,reconstructed:pkinfam
ENSG00000113721,kinase,pkinfam,reconstructed:pkinfam
ENSG00000175087,kinase,pkinfam,reconstructed:pkinfam
ENSG00000152256,kinase,pkinfam,reconstructed:pkinfam
ENSG00000005882,kinase,pkinfam,reconstructed:pkinfam
ENSG00000067992,kinase,pkinfam,reconstructed:pkinfam
ENSG00000004799,kinase,pkinfam,reconstructed:pkinfam
ENSG00000140992,kinase,pkinfam,reconstructed:pkinfam
ENSG00000173517,kinase,pkinfam,reconstructed:pkinfam
ENSG00000188305,kinase,pkinfam,reconstructed:pkinfam
ENSG00000164776,kinase,pkinfam,reconstructed:pkinfam
ENSG00000156873,kinase,pkinfam,reconstructed:pkinfam
ENSG00000121879,kinase,pkinfam,reconstructed:pkinfam
ENSG00000051382,kinase,pkinfam,reconstructed:pkinfam
ENSG00000105851,kinase,pkinfam,reconstructed:pkinfam
ENSG00000196455,kinase,pkinfam,reconstructed:pkinfam
ENSG00000137193,kinase,pkinfam,reconstructed:pkinfam
ENSG00000198355,kinase,pkinfam,reconstructed:pkinfam
ENSG00000158828,kinase,pkinfam,reconstructed:pkinfam
ENSG00000162878,kinase,pkinfam,reconstructed:pkinfam
ENSG00000127564,kinase,pkinfam,reconstructed:pkinfam
ENSG00000123143,kinase,pkinfam,reconstructed:pkinfam
ENSG00000065243,kinase,pkinfam,reconstructed:pkinfam
ENSG00000160447,kinase,pkinfam,reconstructed:pkinfam
ENSG00000166851,kinase,pkinfam,reconstructed:pkinfam
ENSG00000145632,kinase,pkinfam,reconstructed:pkinfam
ENSG00000173846,kinase,pkinfam,reconstructed:pkinfam
ENSG00000142731,kinase,pkinfam,reconstructed:pkinfam
ENSG00000185988,kinase,pkinfam,reconstructed:pkinfam
ENSG00000130822,kinase,pkinfam,reconstructed:pkinfam
ENSG00000185900,kinase,pkinfam,reconstructed:pkinfam
ENSG00000275342,kinase,pkinfam,reconstructed:pkinfam
ENSG00000132356,kinase,pkinfam,reconstructed:pkinfam
ENSG00000162409,kinase,pkinfam,reconstructed:pkinfam
ENSG00000072062,kinase,pkinfam,reconstructed:pkinfam
ENSG00000142875,kinase,pkinfam,reconstructed:pkinfam
ENSG00000165059,kinase,pkinfam,reconstructed:pkinfam
ENSG00000154229,kinase,pkinfam,reconstructed:pkinfam
ENSG00000166501,kinase,pkinfam,reconstructed:pkinfam
ENSG00000163932,kinase,pkinfam,reconstructed:pkinfam
ENSG00000171132,kinase,pkinfam,reconstructed:pkinfam
ENSG00000126583,kinase,pkinfam,reconstructed:pkinfam
ENSG00000027075,kinase,pkinfam,reconstructed:pkinfam
ENSG00000163558,kinase,pkinfam,reconstructed:pkinfam
ENSG00000065675,kinase,pkinfam,reconstructed:pkinfam
ENSG00000067606,kinase,pkinfam,reconstructed:pkinfam
ENSG00000184304,kinase,pkinfam,reconstructed:pkinfam
ENSG00000105287,kinase,pkinfam,reconstructed:pkinfam
ENSG00000115825,kinase,pkinfam,reconstructed:pkinfam
ENSG00000253729,kinase,pkinfam,reconstructed:pkinfam
ENSG00000185532,kinase,pkinfam,reconstructed:pkinfam
ENSG00000138669,kinase,pkinfam,reconstructed:pkinfam
ENSG00000183943,kinase,pkinfam,reconstructed:pkinfam
ENSG00000112739,kinase,pkinfam,reconstructed:pkinfam
ENSG00000159792,kinase,pkinfam,reconstructed:pkinfam
ENSG00000147613,kinase,pkinfam,reconstructed:pkinfam
ENSG00000169398,kinase,pkinfam,reconstructed:pkinfam
ENSG00000120899,kinase,pkinfam,reconstructed:pkinfam
ENSG00000101213,kinase,pkinfam,reconstructed:pkinfam
ENSG00000112655,kinase,pkinfam,reconstructed:pkinfam
ENSG00000132155,kinase,pkinfam,reconstructed:pkinfam
ENSG00000165731,kinase,pkinfam,reconstructed:pkinfam
ENSG00000124784,kinase,pkinfam,reconstructed:pkinfam
ENSG00000058729,kinase,pkinfam,reconstructed:pkinfam
ENSG00000101782,kinase,pkinfam,reconstructed:pkinfam
ENSG00000137275,kinase,pkinfam,reconstructed:pkinfam
ENSG00000104312,kinase,pkinfam,reconstructed:pkinfam
ENSG00000183421,kinase,pkinfam,reconstructed:pkinfam
ENSG00000135828,kinase,pkinfam,reconstructed:pkinfam
ENSG00000067900,kinase,pkinfam,reconstructed:pkinfam
ENSG00000134318,kinase,pkinfam,reconstructed:pkinfam
ENSG00000185483,kinase,pkinfam,reconstructed:pkinfam
ENSG00000169071,kinase,pkinfam,reconstructed:pkinfam
ENSG00000047936,kinase,pkinfam,reconstructed:pkinfam
ENSG00000071242,kinase,pkinfam,reconstructed:pkinfam
ENSG00000177189,kinase,pkinfam,reconstructed:pkinfam
ENSG00000162302,kinase,pkinfam,reconstructed:pkinfam
ENSG00000100784,kinase,pkinfam,reconstructed:pkinfam
ENSG00000072133,kinase,pkinfam,reconstructed:pkinfam
ENSG00000108443,kinase,pkinfam,reconstructed:pkinfam
ENSG00000175634,kinase,pkinfam,reconstructed:pkinfam
ENSG00000167524,kinase,pkinfam,reconstructed:pkinfam
ENSG00000163785,kinase,pkinfam,reconstructed:pkinfam
ENSG00000188322,kinase,pkinfam,reconstructed:pkinfam
ENSG00000187550,kinase,pkinfam,reconstructed:pkinfam
ENSG00000231274,kinase,pkinfam,reconstructed:pkinfam
ENSG00000142186,kinase,pkinfam,reconstructed:pkinfam
ENSG00000136021,kinase,pkinfam,reconstructed:pkinfam
ENSG00000118515,kinase,pkinfam,reconstructed:pkinfam
ENSG00000101049,kinase,pkinfam,reconstructed:pkinfam
ENSG00000104205,kinase,pkinfam,reconstructed:pkinfam
ENSG00000142178,kinase,pkinfam,reconstructed:pkinfam
ENSG00000170145,kinase,pkinfam,reconstructed:pkinfam
ENSG00000160584,kinase,pkinfam,reconstructed:pkinfam
ENSG00000065613,kinase,pkinfam,reconstructed:pkinfam
ENSG00000157106,kinase,pkinfam,reconstructed:pkinfam
ENSG00000163788,kinase,pkinfam,reconstructed:pkinfam
ENSG00000072195,kinase,pkinfam,reconstructed:pkinfam
ENSG00000125508,kinase,pkinfam,reconstructed:pkinfam
ENSG00000096063,kinase,pkinfam,reconstructed:pkinfam
ENSG00000135250,kinase,pkinfam,reconstructed:pkinfam
ENSG00000184343,kinase,pkinfam,reconstructed:pkinfam
ENSG00000072786,kinase,pkinfam,reconstructed:pkinfam
ENSG00000118046,kinase,pkinfam,reconstructed:pkinfam
ENSG00000115661,kinase,pkinfam,reconstructed:pkinfam
ENSG00000164543,kinase,pkinfam,reconstructed:pkinfam
ENSG00000081320,kinase,pkinfam,reconstructed:pkinfam
ENSG00000102572,kinase,pkinfam,reconstructed:pkinfam
ENSG00000115694,kinase,pkinfam,reconstructed:pkinfam
ENSG00000134602,kinase,pkinfam,reconstructed:pkinfam
ENSG00000104375,kinase,pkinfam,reconstructed:pkinfam
ENSG00000196335,kinase,pkinfam,reconstructed:pkinfam
ENSG00000169302,kinase,pkinfam,reconstructed:pkinfam
ENSG00000152953,kinase,pkinfam,reconstructed:pkinfam
ENSG00000165752,kinase,pkinfam,reconstructed:pkinfam
ENSG00000130413,kinase,pkinfam,reconstructed:pkinfam
ENSG00000125834,kinase,pkinfam,reconstructed:pkinfam
ENSG00000163482,kinase,pkinfam,reconstructed:pkinfam
ENSG00000112079,kinase,pkinfam,reconstructed:pkinfam
ENSG00000211455,kinase,pkinfam,reconstructed:pkinfam
ENSG00000198648,kinase,pkinfam,reconstructed:pkinfam
ENSG00000101109,kinase,pkinfam,reconstructed:pkinfam
ENSG00000196182,kinase,pkinfam,reconstructed:pkinfam
ENSG00000060140,kinase,pkinfam,reconstructed:pkinfam
ENSG00000165025,kinase,pkinfam,reconstructed:pkinfam
ENSG00000147133,kinase,kinase.com,reconstructed:kinase.com
ENSG00000122728,kinase,kinase.com,reconstructed:kinase.com
ENSG00000160551,kinase,pkinfam,reconstructed:pkinfam
ENSG00000149930,kinase,pkinfam,reconstructed:pkinfam
ENSG00000135090,kinase,pkinfam,reconstructed:pkinfam
ENSG00000145348,kinase,pkinfam,reconstructed:pkinfam
ENSG00000183735,kinase,pkinfam,reconstructed:pkinfam
ENSG00000135605,kinase,pkinfam,reconstructed:pkinfam
ENSG00000120156,kinase,pkinfam,reconstructed:pkinfam
ENSG00000107140,kinase,pkinfam,reconstructed:pkinfam
ENSG00000070759,kinase,pkinfam,reconstructed:pkinfam
ENSG00000121101,kinase,pkinfam,reconstructed:pkinfam
ENSG00000106799,kinase,pkinfam,reconstructed:pkinfam
ENSG00000163513,kinase,pkinfam,reconstructed:pkinfam
ENSG00000066056,kinase,pkinfam,reconstructed:pkinfam
ENSG00000198586,kinase,pkinfam,reconstructed:pkinfam
ENSG00000146872,kinase,pkinfam,reconstructed:pkinfam
ENSG00000154310,kinase,pkinfam,reconstructed:pkinfam
ENSG00000061938,kinase,pkinfam,reconstructed:pkinfam
ENSG00000116783,kinase,pkinfam,reconstructed:pkinfam
ENSG00000172315,kinase,pkinfam,reconstructed:pkinfam
ENSG00000122779,kinase,kinase.com,reconstructed:kinase.com
ENSG00000130726,kinase,kinase.com,reconstructed:kinase.com
ENSG00000038382,kinase,pkinfam,reconstructed:pkinfam
ENSG00000119121,kinase,pkinfam,reconstructed:pkinfam
ENSG00000092439,kinase,pkinfam,reconstructed:pkinfam
ENSG00000212122,kinase,pkinfam,reconstructed:pkinfam
ENSG00000206203,kinase,pkinfam,reconstructed:pkinfam
ENSG00000162526,kinase,pkinfam,reconstructed:pkinfam
ENSG00000178093,kinase,pkinfam,reconstructed:pkinfam
ENSG00000146216,kinase,pkinfam,reconstructed:pkinfam
ENSG00000128881,kinase,pkinfam,reconstructed:pkinfam
ENSG00000112742,kinase,pkinfam,reconstructed:pkinfam
ENSG00000155657,kinase,pkinfam,reconstructed:pkinfam
ENSG00000074966,kinase,pkinfam,reconstructed:pkinfam
ENSG00000105397,kinase,pkinfam,reconstructed:pkinfam
ENSG00000092445,kinase,pkinfam,reconstructed:pkinfam
ENSG00000152332,kinase,pkinfam,reconstructed:pkinfam
ENSG00000177169,kinase,pkinfam,reconstructed:pkinfam
ENSG00000083290,kinase,pkinfam,reconstructed:pkinfam
ENSG00000140474,kinase,pkinfam,reconstructed:pkinfam
ENSG00000168038,kinase,pkinfam,reconstructed:pkinfam
ENSG00000100749,kinase,pkinfam,reconstructed:pkinfam
ENSG00000028116,kinase,pkinfam,reconstructed:pkinfam
ENSG00000105053,kinase,pkinfam,reconstructed:pkinfam
ENSG00000166483,kinase,pkinfam,reconstructed:pkinfam
ENSG00000214102,kinase,pkinfam,reconstructed:pkinfam
ENSG00000060237,kinase,pkinfam,reconstructed:pkinfam
ENSG00000165238,kinase,pkinfam,reconstructed:pkinfam
ENSG00000196632,kinase,pkinfam,reconstructed:pkinfam
ENSG00000126562,kinase,pkinfam,reconstructed:pkinfam
ENSG00000176105,kinase,pkinfam,reconstructed:pkinfam
ENSG00000011405,kinase,pkinfam,reconstructed:pkinfam
ENSG00000171608,kinase,pkinfam,reconstructed:pkinfam
ENSG00000159842,kinase,KinHub,crosscheck:KinHub
ENSG00000063761,kinase,pkinfam,reconstructed:pkinfam
ENSG00000133597,kinase,pkinfam,reconstructed:pkinfam
ENSG00000173137,kinase,pkinfam,reconstructed:pkinfam
ENSG00000198604,kinase,KinHub,crosscheck:KinHub
ENSG00000136573,kinase,pkinfam,reconstructed:pkinfam
ENSG00000204256,kinase,kinase.com,reconstructed:kinase.com
ENSG00000174672,kinase,pkinfam,reconstructed:pkinfam
ENSG00000134058,kinase,pkinfam,reconstructed:pkinfam
ENSG00000113163,kinase,KinHub,crosscheck:KinHub
ENSG00000176444,kinase,pkinfam,reconstructed:pkinfam
ENSG00000106123,kinase,pkinfam,reconstructed:pkinfam
ENSG00000152137,kinase,kinase.com,reconstructed:kinase.com
ENSG00000181085,kinase,pkinfam,reconstructed:pkinfam
ENSG00000168404,kinase,pkinfam,reconstructed:pkinfam
ENSG00000205918,kinase,pkinfam,reconstructed:pkinfam
ENSG00000102096,kinase,pkinfam,reconstructed:pkinfam
ENSG00000099725,kinase,pkinfam,reconstructed:pkinfam
ENSG00000168297,kinase,pkinfam,reconstructed:pkinfam
ENSG00000129465,kinase,pkinfam,reconstructed:pkinfam
ENSG00000117676,kinase,pkinfam,reconstructed:pkinfam
ENSG00000136643,kinase,pkinfam,reconstructed:pkinfam
ENSG00000198208,kinase,pkinfam,reconstructed:pkinfam
ENSG00000000457,kinase,pkinfam,reconstructed:pkinfam
ENSG00000197122,kinase,pkinfam,reconstructed:pkinfam
ENSG00000198870,kinase,pkinfam,reconstructed:pkinfam
ENSG00000266173,kinase,pkinfam,reconstructed:pkinfam
ENSG00000082146,kinase,pkinfam,reconstructed:pkinfam
ENSG00000174292,kinase,pkinfam,reconstructed:pkinfam
ENSG00000173334,kinase,pkinfam,reconstructed:pkinfam
ENSG00000071575,kinase,pkinfam,reconstructed:pkinfam
ENSG00000101255,kinase,pkinfam,reconstructed:pkinfam
ENSG00000197323,kinase,kinase.com,reconstructed:kinase.com
ENSG00000166436,kinase,KinHub,crosscheck:KinHub
ENSG00000196367,kinase,kinase.com,reconstructed:kinase.com
ENSG00000139908,kinase,pkinfam,reconstructed:pkinfam
ENSG00000204344,kinase,kinase.com,reconstructed:kinase.com
ENSG00000115085,kinase,pkinfam,reconstructed:pkinfam
ENSG00000143727,phosphatase,Chen2017,reconstructed:Chen2017
ENSG00000014257,phosphatase,Chen2017,reconstructed:Chen2017
ENSG00000142513,phosphatase,Chen2017,reconstructed:Chen2017
ENSG00000079335,phosphatase,Chen2017,reconstructed:Chen2017
ENSG00000081377,phosphatase,Chen2017,reconstructed:Chen2017
ENSG00000164045,phosphatase,Chen2017,reconstructed:Chen2017
ENSG00000101224,phosphatase,Chen2017,reconstructed:Chen2017
ENSG00000158402,phosphatase,Chen2017,reconstructed:Chen2017
ENSG00000100526,phosphatase,Chen2017,reconstructed:Chen2017
ENSG00000175826,phosphatase,Chen2017,reconstructed:Chen2017
ENSG00000060069,phosphatase,Chen2017,reconstructed:Chen2017
ENSG00000144579,phosphatase,Chen2017,reconstructed:Chen2017
ENSG00000175215,phosphatase,Chen2017,reconstructed:Chen2017
ENSG00000144677,phosphatase,Chen2017,reconstructed:Chen2017
ENSG00000137770,phosphatase,Chen2017,reconstructed:Chen2017
ENSG00000120129,phosphatase,Chen2017,reconstructed:Chen2017
ENSG00000143507,phosphatase,Chen2017,reconstructed:Chen2017
ENSG00000081721,phosphatase,Chen2017,reconstructed:Chen2017
ENSG00000293543,phosphatase,HGNC_groups,reconstructed:HGNC_groups
ENSG00000079393,phosphatase,Chen2017,reconstructed:Chen2017
ENSG00000276023,phosphatase,Chen2017,reconstructed:Chen2017
ENSG00000149599,phosphatase,Chen2017,reconstructed:Chen2017
ENSG00000111266,phosphatase,Chen2017,reconstructed:Chen2017
ENSG00000167065,phosphatase,Chen2017,reconstructed:Chen2017
ENSG00000162999,phosphatase,Chen2017,reconstructed:Chen2017
ENSG00000158050,phosphatase,Chen2017,reconstructed:Chen2017
ENSG00000189037,phosphatase,Chen2017,reconstructed:Chen2017
ENSG00000112679,phosphatase,Chen2017,reconstructed:Chen2017
ENSG00000158716,phosphatase,Chen2017,reconstructed:Chen2017
ENSG00000133878,phosphatase,Chen2017,reconstructed:Chen2017
ENSG00000188542,phosphatase,Chen2017,reconstructed:Chen2017
ENSG00000188716,phosphatase,Chen2017,reconstructed:Chen2017
ENSG00000108861,phosphatase,Chen2017,reconstructed:Chen2017
ENSG00000120875,phosphatase,Chen2017,reconstructed:Chen2017
ENSG00000138166,phosphatase,Chen2017,reconstructed:Chen2017
ENSG00000139318,phosphatase,Chen2017,reconstructed:Chen2017
ENSG00000164086,phosphatase,Chen2017,reconstructed:Chen2017
ENSG00000184545,phosphatase,Chen2017,reconstructed:Chen2017
ENSG00000130829,phosphatase,Chen2017,reconstructed:Chen2017
ENSG00000112425,phosphatase,Chen2017,reconstructed:Chen2017
ENSG00000104313,phosphatase,Chen2017,reconstructed:Chen2017
ENSG00000064655,phosphatase,Chen2017,reconstructed:Chen2017
ENSG00000158161,phosphatase,Chen2017,reconstructed:Chen2017
ENSG00000112319,phosphatase,Chen2017,reconstructed:Chen2017
ENSG00000112367,phosphatase,Chen2017,reconstructed:Chen2017
ENSG00000132323,phosphatase,Chen2017,reconstructed:Chen2017
ENSG00000213920,phosphatase,HGNC_groups,reconstructed:HGNC_groups
ENSG00000171100,phosphatase,Chen2017,reconstructed:Chen2017
ENSG00000163719,phosphatase,Chen2017,reconstructed:Chen2017
ENSG00000100330,phosphatase,Chen2017,reconstructed:Chen2017
ENSG00000108389,phosphatase,Chen2017,reconstructed:Chen2017
ENSG00000139505,phosphatase,Chen2017,reconstructed:Chen2017
ENSG00000003987,phosphatase,Chen2017,reconstructed:Chen2017
ENSG00000107719,phosphatase,Chen2017,reconstructed:Chen2017
ENSG00000164951,phosphatase,Chen2017,reconstructed:Chen2017
ENSG00000172840,phosphatase,Chen2017,reconstructed:Chen2017
ENSG00000241360,phosphatase,Chen2017,reconstructed:Chen2017
ENSG00000247077,phosphatase,Chen2017,reconstructed:Chen2017
ENSG00000184207,phosphatase,Chen2017,reconstructed:Chen2017
ENSG00000081913,phosphatase,Chen2017,reconstructed:Chen2017
ENSG00000040199,phosphatase,Chen2017,reconstructed:Chen2017
ENSG00000183977,phosphatase,Chen2017,reconstructed:Chen2017
ENSG00000086717,phosphatase,Chen2017,reconstructed:Chen2017
ENSG00000156194,phosphatase,Chen2017,reconstructed:Chen2017
ENSG00000100614,phosphatase,Chen2017,reconstructed:Chen2017
ENSG00000138032,phosphatase,Chen2017,reconstructed:Chen2017
ENSG00000170836,phosphatase,Chen2017,reconstructed:Chen2017
ENSG00000175175,phosphatase,Chen2017,reconstructed:Chen2017
ENSG00000100034,phosphatase,Chen2017,reconstructed:Chen2017
ENSG00000115241,phosphatase,Chen2017,reconstructed:Chen2017
ENSG00000111110,phosphatase,Chen2017,reconstructed:Chen2017
ENSG00000155367,phosphatase,Chen2017,reconstructed:Chen2017
ENSG00000163644,phosphatase,Chen2017,reconstructed:Chen2017
ENSG00000163590,phosphatase,Chen2017,reconstructed:Chen2017
ENSG00000164088,phosphatase,Chen2017,reconstructed:Chen2017
ENSG00000213889,phosphatase,Chen2017,reconstructed:Chen2017
ENSG00000172531,phosphatase,Chen2017,reconstructed:Chen2017
ENSG00000213639,phosphatase,Chen2017,reconstructed:Chen2017
ENSG00000186298,phosphatase,Chen2017,reconstructed:Chen2017
ENSG00000113575,phosphatase,Chen2017,reconstructed:Chen2017
ENSG00000104695,phosphatase,Chen2017,reconstructed:Chen2017
ENSG00000138814,phosphatase,Chen2017,reconstructed:Chen2017
ENSG00000107758,phosphatase,Chen2017,reconstructed:Chen2017
ENSG00000120910,phosphatase,Chen2017,reconstructed:Chen2017
ENSG00000149923,phosphatase,Chen2017,reconstructed:Chen2017
ENSG00000011485,phosphatase,Chen2017,reconstructed:Chen2017
ENSG00000119414,phosphatase,Chen2017,reconstructed:Chen2017
ENSG00000196850,phosphatase,Chen2017,reconstructed:Chen2017
ENSG00000171862,phosphatase,Chen2017,reconstructed:Chen2017
ENSG00000112245,phosphatase,Chen2017,reconstructed:Chen2017
ENSG00000184007,phosphatase,Chen2017,reconstructed:Chen2017
ENSG00000184489,phosphatase,Chen2017,reconstructed:Chen2017
ENSG00000158079,phosphatase,Chen2017,reconstructed:Chen2017
ENSG00000110536,phosphatase,Chen2017,reconstructed:Chen2017
ENSG00000196396,phosphatase,Chen2017,reconstructed:Chen2017
ENSG00000179295,phosphatase,Chen2017,reconstructed:Chen2017
ENSG00000127947,phosphatase,Chen2017,reconstructed:Chen2017
ENSG00000163629,phosphatase,Chen2017,reconstructed:Chen2017
ENSG00000152104,phosphatase,Chen2017,reconstructed:Chen2017
ENSG00000072135,phosphatase,Chen2017,reconstructed:Chen2017
ENSG00000175354,phosphatase,Chen2017,reconstructed:Chen2017
ENSG00000204179,phosphatase,Chen2017,reconstructed:Chen2017
ENSG00000070778,phosphatase,Chen2017,reconstructed:Chen2017
ENSG00000134242,phosphatase,Chen2017,reconstructed:Chen2017
ENSG00000076201,phosphatase,Chen2017,reconstructed:Chen2017
ENSG00000070159,phosphatase,Chen2017,reconstructed:Chen2017
ENSG00000088179,phosphatase,Chen2017,reconstructed:Chen2017
ENSG00000110786,phosphatase,Chen2017,reconstructed:Chen2017
ENSG00000111679,phosphatase,Chen2017,reconstructed:Chen2017
ENSG00000143851,phosphatase,Chen2017,reconstructed:Chen2017
ENSG00000169410,phosphatase,Chen2017,reconstructed:Chen2017
ENSG00000132670,phosphatase,Chen2017,reconstructed:Chen2017
ENSG00000127329,phosphatase,Chen2017,reconstructed:Chen2017
ENSG00000081237,phosphatase,Chen2017,reconstructed:Chen2017
ENSG00000153707,phosphatase,Chen2017,reconstructed:Chen2017
ENSG00000132334,phosphatase,Chen2017,reconstructed:Chen2017
ENSG00000142949,phosphatase,Chen2017,reconstructed:Chen2017
ENSG00000144724,phosphatase,Chen2017,reconstructed:Chen2017
ENSG00000080031,phosphatase,Chen2017,reconstructed:Chen2017
ENSG00000149177,phosphatase,Chen2017,reconstructed:Chen2017
ENSG00000152894,phosphatase,Chen2017,reconstructed:Chen2017
ENSG00000173482,phosphatase,Chen2017,reconstructed:Chen2017
ENSG00000155093,phosphatase,Chen2017,reconstructed:Chen2017
ENSG00000151490,phosphatase,Chen2017,reconstructed:Chen2017
ENSG00000139304,phosphatase,Chen2017,reconstructed:Chen2017
ENSG00000153233,phosphatase,Chen2017,reconstructed:Chen2017
ENSG00000105426,phosphatase,Chen2017,reconstructed:Chen2017
ENSG00000196090,phosphatase,Chen2017,reconstructed:Chen2017
ENSG00000060656,phosphatase,Chen2017,reconstructed:Chen2017
ENSG00000106278,phosphatase,Chen2017,reconstructed:Chen2017
ENSG00000122484,phosphatase,Chen2017,reconstructed:Chen2017
ENSG00000100241,phosphatase,Chen2017,reconstructed:Chen2017
ENSG00000084112,phosphatase,Chen2017,reconstructed:Chen2017
ENSG00000141298,phosphatase,Chen2017,reconstructed:Chen2017
ENSG00000172830,phosphatase,Chen2017,reconstructed:Chen2017
ENSG00000160075,phosphatase,Chen2017,reconstructed:Chen2017
ENSG00000198842,phosphatase,Chen2017,reconstructed:Chen2017
ENSG00000100324,phosphatase,Chen2017,reconstructed:Chen2017
ENSG00000105197,phosphatase,Chen2017,reconstructed:Chen2017
ENSG00000111077,phosphatase,Chen2017,reconstructed:Chen2017
ENSG00000274391,phosphatase,Chen2017,reconstructed:Chen2017
ENSG00000154127,phosphatase,Chen2017,reconstructed:Chen2017
ENSG00000164332,phosphatase,Chen2017,reconstructed:Chen2017
ENSG00000198825,phosphatase,Chen2017,reconstructed:Chen2017
ENSG00000063601,phosphatase,Chen2017,reconstructed:Chen2017
ENSG00000087053,phosphatase,Chen2017,reconstructed:Chen2017
ENSG00000102043,phosphatase,Chen2017,reconstructed:Chen2017
ENSG00000211456,phosphatase,Chen2017,reconstructed:Chen2017
ENSG00000159082,phosphatase,Chen2017,reconstructed:Chen2017
ENSG00000078269,phosphatase,Chen2017,reconstructed:Chen2017
ENSG00000132958,phosphatase,Chen2017,reconstructed:Chen2017
ENSG00000162551,phosphatase,Chen2017,reconstructed:Chen2017
ENSG00000107902,phosphatase,Chen2017,reconstructed:Chen2017
ENSG00000134575,phosphatase,Chen2017,reconstructed:Chen2017
ENSG00000102575,phosphatase,Chen2017,reconstructed:Chen2017
ENSG00000162836,phosphatase,Chen2017,reconstructed:Chen2017
ENSG00000183760,phosphatase,Chen2017,reconstructed:Chen2017
ENSG00000163286,phosphatase,Chen2017,reconstructed:Chen2017
ENSG00000163295,phosphatase,Chen2017,reconstructed:Chen2017
ENSG00000163283,phosphatase,Chen2017,reconstructed:Chen2017
ENSG00000172331,phosphatase,Chen2017,reconstructed:Chen2017
ENSG00000144048,phosphatase,Chen2017,reconstructed:Chen2017
ENSG00000107789,phosphatase,Chen2017,reconstructed:Chen2017
ENSG00000158571,phosphatase,Chen2017,reconstructed:Chen2017
ENSG00000123836,phosphatase,Chen2017,reconstructed:Chen2017
ENSG00000114268,phosphatase,Chen2017,reconstructed:Chen2017
ENSG00000171314,phosphatase,Chen2017,reconstructed:Chen2017
ENSG00000164708,phosphatase,Chen2017,reconstructed:Chen2017
ENSG00000226784,phosphatase,Chen2017,reconstructed:Chen2017
ENSG00000111880,phosphatase,Chen2017,reconstructed:Chen2017
ENSG00000078237,phosphatase,Chen2017,reconstructed:Chen2017
ENSG00000116675,phosphatase,Chen2017,reconstructed:Chen2017
ENSG00000178950,phosphatase,Chen2017,reconstructed:Chen2017
ENSG00000167220,phosphatase,Chen2017,reconstructed:Chen2017
ENSG00000069998,phosphatase,Chen2017,reconstructed:Chen2017
ENSG00000166912,phosphatase,Chen2017,reconstructed:Chen2017
ENSG00000014914,phosphatase,Chen2017,reconstructed:Chen2017
ENSG00000150712,phosphatase,Chen2017,reconstructed:Chen2017
ENSG00000104643,phosphatase,Chen2017,reconstructed:Chen2017
ENSG00000170525,phosphatase,Chen2017,reconstructed:Chen2017
ENSG00000168781,phosphatase,Chen2017,reconstructed:Chen2017
ENSG00000145725,phosphatase,Chen2017,reconstructed:Chen2017
ENSG00000278561,phosphatase,HGNC_groups,reconstructed:HGNC_groups
ENSG00000054356,phosphatase,Chen2017,reconstructed:Chen2017
ENSG00000243323,phosphatase,HGNC_groups,reconstructed:HGNC_groups
ENSG00000155893,phosphatase,Chen2017,reconstructed:Chen2017
ENSG00000133812,phosphatase,Chen2017,reconstructed:Chen2017
ENSG00000134595,phosphatase,Chen2017,reconstructed:Chen2017
ENSG00000198252,phosphatase,Chen2017,reconstructed:Chen2017
ENSG00000127952,phosphatase,Chen2017,reconstructed:Chen2017
ENSG00000079308,phosphatase,Chen2017,reconstructed:Chen2017
ENSG00000136205,phosphatase,Chen2017,reconstructed:Chen2017
ENSG00000160185,phosphatase,Chen2017,reconstructed:Chen2017
